"All TYRES","الكفرات"
"TYRES BY BRAND","كفرات حسب العلامة التجارية"
"All AUTO PARTS","جميع قطع غيار السيارات"
"CAR INSURANCE","تأمين السيارات"
"Car Insurance","تأمين السيارات"
"PROMOTIONS &amp; OFFERS","العروض والتخفيضات"
"FITTING LOCATIONS","مواقع التركيب"
"ABOUT US","من نحن"
"CONTACT US","تواصل معنا"
"Contact Us","تواصل معنا"
"FAQS","الأسئلة الشائعة"
"Blog","المدونة"
"BLOG","المدونة"
"TYRESONLINE","تايرز اونلاين"
"e-mail us","راسلنا عبر البريد الإلكتروني"
"Add Vehicle","إضافة مركبة"
"Devendra","Patel"
"1 YEAR WARRANTY","كفالة لمدّة سنة واحدة"
"2 Years Warranty","ضمان لمدة سنتين"
"5 Years Warranty","ضمان لمدة خمس سنوات"
"1. The tyres supplied to you under this work order will be fitted ONLY to the Vehicle bearing the license plate number and the description specified here. Please contact Customer Service ifthere is a discrepancy here.","1. ينبغي تركيب الإطارات التي تمّ إرسالها لك بموجب هذا الطلب على السيارة التي تحمل رقم لوحة الترخيص والوصف المحدّدَيْن هنا. يرجى الاتصال بخدمة العملاء إذا حدث أيّ تباين في هذا المجال."
"2. Please refuse to accept delivery if the tyres being installed by the installer are not the exact same specifications as listed here and call us immediately.","2. يرجى عدم قبول استلام الإطارات التي يتولّى تركيبها مزوّد خدمة التركيب إذا لم تكن بالمواصفات ذاتها المدرجة هنا، والاتصال بنا على الفور."
"2nd Floor Office 223 Block C, Mardoof Bldg. Al Safa 1, Sheikh Zayed Rd. Dubai, UAE","الطابق الثاني، المكتب 223، بلوك سي،  مبنى مردوف الصفا 1، شارع الشيخ زايد، دبي، الإمارات العربية المتحدة"
"3 YEARS WARRANTY OR 30,000 KM'S - WITH NEW BRAKE PADS & DISCS","كفالة لمدّة 3 سنوات أو لمسافة 30.000 كلم - مع بطانات وأقراص جديدة للفرامل"
"3. The price you have paid includes new tyres, delivery, installation, balancing and disposal of your old tyres. Any additional Service Including Alignment will have to be paid by you to the installer directly. We do recommend you align your wheel at least once a year.","3. يشمل السعر الذي دفعته كلفة الإطارات الجديدة وتوصيلها وتركيبها وضبط توازنها والتخلص من الإطارات القديمة. إذا طلبت أيّ خدمةٍ أخرى، مثل ضبط استقامة العجلات أو غيرها، فيتعيّن عليك دفع كلفتها مباشرةً لمزوّد خدمة التركيب. كما ننصحك بضبط استقامة عجلات سيارتك مرةً واحدة في السنة على الأقل."
"360 Car Check","فحص شامل للسيارة"
"A PATTERN OF GREAT PRICES","خدمة استثنائية بأسعارٍ مميّزة"
"A Personal Chauffeur will be assigned to pick up and drop off your car.","سيتولّى سائقٌ شخصي استلام سيارتك وإعادتها إليك."
"ABOUT STOP&GO","نبذة عن ستوب أند غو"
"About Us","من نحن"
"AC Filter","فيلتر مكيّف الهواء"
"Ac filter","فيلتر مكيّف الهواء"
"AC Gas Top Up","تعبئة غاز مكيّف الهواء"
"ACCOUNT INFORMATION","معلومات الحساب"
"Account Information","معلومات الحساب"
"Action","الإجراء"
"ADD A NEW SAVED CARD","إضافة بطاقة محفوظة جديدة"
"Add a new saved card","إضافة بطاقة محفوظة جديدة"
"ADD NEW ADDRESS","إضافة عنوان جديد"
"Add New Address","إضافة عنوان جديد"
"Add Vehicle","إضافة مركبة"
"Added to Cart","تمت الإضافة إلى عربة التسوق"
"ADDRESS","العنوان"
"ADDRESS BOOK","دليل العناوين"
"Address Book","دليل العناوين"
"Air Filter","فيلتر مكيّف الهواء"
"Air filter","فيلتر مكيّف الهواء"
"All Auto Parts","قطع غيار السيارات"
"All chauffeurs are safe drivers that abide strictly by the traffic laws in the UAE. They have experience in driving all variety of cars, ensuring your car is in safe hands with our Drivers.","جميع سائقينا يقودون بتأنًّ وانتباه ويلتزمون بقوانين السير المعمول بها في دولة الإمارات العربية المتحدة. كما يمتلكون خبرةً كافية في قيادة جميع أنواع السيارات، وبالتالي يمكنك أن تكون واثقاً بأنّ سيارتك في أيادٍ أمينة"
"Already have an account? Log in here.","هل لديك حساب؟ سجّل دخولك هنا"
"ANYWHERE IN THE KSA","في كافة أنحاء السعودية"
"APPLY","تفعيل"
"Apply","تفعيل"
"Appointment Date/Time","تاريخ/ وقت الموعد"
"AS EASY AS 1-2-3","أسهل طريقة لحماية إطارات سيارتك!"
"at selected workshops","في مراكز صيانة مُختارة"
"At the moment drivers are available only within Dubai territory.","يتوفّر السائقون حالياً ضمن دبي فقط"
"Auto Upholstery","تنجيد أثاث السيارة"
"AUTO UPHOLSTERY GALLERY","ألبوم صور تنجيد أثاث السيارة"
"AUTOPARTS","قطع غيار السيارات"
"Back","العودة"
"BATTERY","البطارية"
"Battery","البطارية"
"Battery Replacement","استبدال البطارية"
"Car Battery Replacement","استبدال بطارية السيارة"
"Billing Information","معلومات الفوترة"
"BOOK NOW","احجز الآن"
"Book Now","احجز الآن"
"Book online by selecting your oil change preferences or call us toll free 800 255 89737 Saturday to Thursday 9am to 7pm.","احجز عبر موقعنا الزيت المفضّل لديك، إذا كنت ترغب في تغيير زيت سيارتك، أو اتصل بنا على الرقم المجاني 89737 255 800 من السبت إلى الخميس، من 9 صباحاً حتى 7 مساءً"
"Brake Discs","أقراص الفرامل"
"Brake Fluid","زيت الفرامل"
"Brake fluid condition Brake fluid level","حالة زيت الفرامل / مستوى زيت الفرامل"
"Brake Pads Check","فحص بطانات الفرامل"
"Brake Pads or Disks are quoted separetly, they are not included in the package.","يتم تسعير أسطوانات الفرامل أو أقراصها بشكل منفصل، ولا تشملها الباقة"
"Brakes","الفرامل"
"Brake","الفرامل"
"BRAND","العلامة التجارية"
"BRANDED TYRES"," ماركات الكفرات"
"Bridgestone","بريدجستون"
"Matrax","ماتراكس"
"Matrax Tyres","ماتراكس"
"Headway","هيدواي"
"Maxxis","ماكسس"
"Sailun","سايلون"
"By tyre size","حسب حجم الإطار ونوع السيارة"
"CAR DETAILS","تفاصيل السيارة"
"Car Details","تفاصيل السيارة"
"Car Pick & Drop","استلام وتوصيل السيارة "
"Car Pick-Up and Drop-Off","خدمة استلام السيارة وتوصيلها"
"CAR SERVICE PACKS","باقات صيانة السيارة"
"Car Wash","غسيل السيارة"
"Change Email","تغيير عنوان البريد الإلكتروني"
"Change Email and Password","تغيير عنوان البريد الإلكتروني وكلمة المرور"
"CHANGED","تمّ التغيير"
"Check () to indicate","ضَع علامة () لاختيار"
"Choose one of our trusted","يتم التركيب لدى أحد شركائنا المختصّين الذين نثق بهم"
"Choose Your Color","اختر لونك المفضّل"
"City","المدينة"
"CLASSIC","كلاسيك"
"Classic","كلاسيك"
"Click here to continue shopping.","اضغط هنا لمتابعة التسوّق"
"Comment","التعليق"
"Company","الشركة"
"COMPARE","مقارنة"
"Computer Diagnostic","التشخيص عبر الكمبيوتر"
"Confirm Selection","تأكيد الاختيار"
"CONFIRMED","بنجاح"
"Conform New Password","تأكيد كلمة المرور الجديدة"
"CONTACT INFORMATION","معلومات الاتصال"
"Contact Information","معلومات الاتصال"
"CONTACT US TO KNOW THE RIGHT FILTER FOR YOUR VEHICLE.","تواصل معنا لمعرفة الفلتر المناسب لسيارتك"
"Contact us to know the right filter for your vehicle.","تواصل معنا لمعرفة الفلتر المناسب لسيارتك"
"CONTACT US TO KNOW WHAT IS RIGHT AMOUNT OF OIL FOR YOUR VEHICLE.","تواصل معنا لمعرفة كمية الزيت المناسبة لسيارتك"
"CONTACT US TO KNOW WHAT IS RIGHT SIZE OF BATTERY FOR YOUR VEHICLE.","تواصل معنا لمعرفة حجم البطارية المناسب لسيارتك"
"Continental","كونتيننتال"
"Continue Shopping","متابعة التسوّق"
"Coolant","المبرّد"
"Coolant leaks","تسرّب المبرّد"
"Coolant level","مستوى المبرّد"
"Copyright © 2021 Easy Click Tyres Trading L.L.C., All rights reserved.","حقوق النشر والطباعة 2021 لشركة © إيزي كليك لتجارة الإطارات ذ.م.م، جميع الحقوق محفوظة."
"Country","البلد"
"Create an Account","إنشاء حساب"
"Creating an account has many benefits: check out faster, keep more than one address, track orders and more.","يتيح لك إنشاء حساب التمتّع بمزايا عديدة، مثل إتمام عملية الشراء بسرعةٍ أكبر، والاحتفاظ بأكثر من عنوان واحد، وتتبّع الطلبيّات وغيرها"
"Currunt Password","كلمة المرور الحالية"
"CUSTOM STAR ROOF HEADLINER GALLERY","ألبوم صور بطانة السقف المرصّعة بالنجوم والمصمّمة حسب الطلب"
"Customer Details","التفاصيل الخاصة بالعميل"
"Customer Login","تسجيل دخول العميل"
"CUSTOMER SUPPORT","خدمة العملاء"
"Date","التاريخ"
"Dear ,","حضرة ،"
"Dear Customer,","عزيزي العميل."
"DEFAULT BILLING ADDRESS","عنوان الفوترة المحدّد مسبقاً"
"Default Billing Address","عنوان الفوترة المحدّد مسبقاً"
"DEFAULT SHIPPING ADDRESS","عنوان الشحن المحدّد مسبقاً"
"Default Shipping Address","عنوان الشحن المحدّد مسبقاً"
"Delivery Date & Time","تاريخ ووقت التوصيل"
"Delivery Date and Time","تاريخ ووقت التوصيل"
"Delivery Information","معلومات التوصيل"
"Depending on your vehicle's mileage you might need the following","استنادًا إلى الأميال التي اجتازتها سيارتك، قد تحتاج إلى ما يلي"
"different rear tyres?","حجم الإطارات الخلفية مختلف؟"
"Different rear tyres?","حجم الإطارات الخلفية مختلف؟"
"Differential","تفاضلي"
"Direction indicator bulbs Position bulbs","مصابيح مؤشر الاتجاه / مصابيح التوقف"
"DISCOUNT CODES","قسيمة الخصم"
"Discount Codes","قسيمة الخصم"
"Download PDF","تحميل ملف PDF"
"Drop off your car at one of our Stop&Go partner branches at the time and location arranged on your booking or agreed between you and the TyresOnline team.","أوصل سيارتك إلى أحد فروع شريكنا "ستوب أند غو" في الوقت والموقع المحدّدين عند الحجز، أو المتفق عليهما بينك وبين فريق TyresOnline"
"Dunlop","دنلوب"
"Easy, affordable, fast and convenient.","خدمة سريعة ومريحة بأفضل الأسعار"
"Edit","تعديل"
"EDIT ACCOUNT INFORMATION","تعديل معلومات الحساب"
"Edit Account Information","تعديل معلومات الحساب"
"Edit Address","تعديل العنوان"
"Edit Change Password","تعديل تغيير كلمة المرور"
"Email","البريد الإلكتروني"
"Email Address","عنوان البريد الإلكتروني"
"e-mail us","راسلنا عبر البريد الإلكتروني"
"Engine","المحرّك"
"ENGINE BAY","حجرة المحرّك"
"Engine Bay","حجرة المحرّك"
"Engine Capacity","سعة المحرّك"
"Engine mounts","دعائم المحرّك"
"Engine oil leaks","تسريبات زيت المحرّك"
"Enter A location","أدخِل الموقع أ"
"Enter a location","أدخِل الموقع أ"
"ENTER DISCOUNT CODE","أدخِل رمز الخصم"
"Enter Plate Number","أدخِل رقم اللوحة"
"Enter Vehicle make","أدخِل العلامة التجارية للمركبة"
"Enter Vehicle Model","أدخِل طراز المركبة"
"Enter Vehicle Year","أدخِل سنة صنع المركبة"
"Enter Vin Number","أدخِل رقم تعريف المركبة"
"Exhaust leaks/cracks/mounts","تسريبات العادم/الشقوق/الدعائم"
"EXPANDED A","زيادة أ "
"EXPANDED B","زيادة ب "
"Expanded A","زيادة أ "
"Expanded B","زيادة ب "
"Facebook","فيسبوك"
"FAQ's","أسئلة متكرّرة"
"Fault codes reading","قراءة رموز الأعطال"
"Fax","الفاكس"
"Filter Options","خيارات التصفية"
"First Name","الاسم"
"FITMENT & WHEEL BALANCING INCLUDED","شامل التركيب وضبط الميزانية"
"fitment partners","شركاء التركيب"
"FITTING LOCATION","اختَر موقع التركيب"
"FITTING LOCATION Choose a Stop&Go branch","موقع التركيب يرجى اختيار أحد فروع ستوب أند غو"
"Fitting Locations","مراكز تركيب الكفرات"
"Convenient Tyre Fitting with TyresOnline","مواقع مناسبة لتركيب الكفرات معTYRESONLINE"
"Fitting new tyres","تركيب الكفرات الجديدة"
"Buy tyres","شراء كفرات"
"Tyre Shop Near Me","متجر كفرات بالقرب مني"
"Find Your Location","ابحث عن موقعك"
"Near Me","بالقرب مني"
"Fluids Top Up","تعبئة السوائل"
"Fog bulbs","مصابيح الضباب"
"Follow US","تابعنا"
"Follow Us","تابعنا"
"For security, this request was received for your email. If you did not request a password reset, please ignore this email or contact support if you have questions.","لدواعٍ أمنية نُعلمك أنّه جرى استلام هذا الطلب من بريدك الإلكتروني. إذا لم تكن قد طلبت تغيير كلمة المرور، يرجى تجاهل هذا البريد الإلكتروني، أو  التواصل مع فريق الدعم، في حال كان لديك أيّ سؤال"
"For your security and protection, the installer will only fit the tyres on the vehicle bearing the license plate number and description specified on this confirmation. Please contact us by replying to this e-mail or calling us if the details listed here do not match your vehicle.","حفاظاً على أمنك وبهدف حمايتك، سيقوم مزوّد الخدمة بتركيب الإطارات للمركبة التي تحمل رقم لوحة الترخيص والوصف المحددَيْن في استمارة تأكيد الطلب هذه فقط. يرجى التواصل معنا من خلال الردّ على هذا البريد الإلكتروني، أو الاتصال بنا، إذا كانت التفاصيل المدرجة هنا لا تتطابق مع مركبتك"
"FORGOT PASSWORD","نسيت كلمة المرور"
"FORGOT YOUR PASSWORD?","هل نسيت كلمة المرور؟"
"FREE SHIPPING","شحن مجاني"
"SHIPPING","شحن"
"Shipping","شحن"
"FREE","مجاني"
"FITMENT","تركيب"
"Friday – Closed","الجمعة - مغلق"
"Friday - Closed","الجمعة - مغلق"
"Frist name","الاسم"
"Front boot inner","المفصل الأمامي الداخلي"
"Front boot outer","المفصل الأمامي الخارجي"
"Front brake discs","أقراص الفرامل الأمامية"
"Front brake pads","بطانات الفرامل الأمامية"
"Front diff leaks","تسريبات الترس التفاضلي الأمامي"
"Front diff mounts","دعائم الترس التفاضلي الأمامي"
"Front socks","ممتصّ الصدمات الأمامي"
"Front suspension lower arm ball joint","المفصل الكروي على الذراع السفلى لنظام التعليق الأمامي"
"Front suspension lower arm bushes","البطانات على الذراع السفلى لنظام التعليق الأمامي"
"Front suspension upper arm ball joint","المفصل الكروي على الذراع العلوية لنظام التعليق الأمامي"
"Front suspension uppper arm bushes","البطانات على الذراع العلوية لنظام التعليق الأمامي"
"Front tie rods","قضبان الربط الأمامية"
"Front tie rods end","طرف قضبان الربط الأمامية"
"Fuel leaks","تسريبات الوقود"
"GALLERY","ألبوم الصور"
"Gallery","ألبوم الصور"
"Gear Box","ناقل الحركة"
"General Subscription","الاشتراك العام"
"Get in touch, send us an e-mail or call us","تواصل معنا، راسلنا على البريد الإلكتروني أو اتصل بنا"
"Get the tyres you need, when you want and where you want.","احصل على إطارات جديدة لسيارتك في أي وقت وأي مكان من خلال خدمة سريعة ومميزة وبأسعار منافسة"
"Goodyear","جوديير"
"Grand Total","المجموع الإجمالي"
"Order Total","المجموع الإجمالي"
"Handbrake","فرامل اليد"
"Head Office","المكتب الرئيسي"
"Headlights","المصابيح الأمامية"
"HEADLINER REPAIR GALLERY","ألبوم صور تصليح بطانة السقف"
"Headliner Repairs","عمليات تصليح بطانة السقف"
"Height","الارتفاع"
"Horn","المنبّه"
"HOW IT WORKS","كيف تسير العملية"
"If there is an account associated with you will receive an email with a link to reset your password.","إذا كان هناك حساب مرتبط بك، سيتمّ إرسال بريد إلكتروني فيه رابط لإعادة ضبط كلمة المرور الخاصة بك"
"In Comparison mode, changing oil brand or oil grade will render same result in Service Packs selection.","بمقارنة بسيطة، سيؤدي تغيير علامة الزيت أو درجته إلى عرض النتائج نفسها في خانة باقات الصيانة"
"In Stock","متوفر"
"in stock","متوفر"
"IN STOCK","متوفر"
"Instagram","إنستغرام"
"Installation Fee","رسوم التركيب"
"Shipping","رسوم التركيب"
"Installation included","خدمة التركيب مشمولة"
"installation included","خدمة التركيب مشمولة"
"Installer Information","معلومات عن مزوّد خدمة التركيب"
"IT MAKES SENSE","نفهم احتياجاتك ونلبّيها في أسرع وقت"
"Item","السلعة"
"ITEM","السلعة"
"ITEM(S) TOTAL","إجمالي قيمة السلع"
"Item(s) Total","إجمالي قيمة السلع"
"TOTAL","الإجمالي"
"ITEM(S) TOTAL:",":إجمالي قيمة السلع"
"Item(s) Total:","إجمالي قيمة السلع"
"ITEMS","السلع"
"items to include","السلع المُراد تضمينها"
"Kind Regards,","مع أطيب التحيات،"
"Last Name","الشهرة"
"LOG IN / CREATE ACCOUNT","تسجيل الدخول/ إنشاء حساب"
"Login","تسجيل الدخول"
"Make","نوع السيارة"
"MANAGE VEHICLE","إدارة المركبة"
"Message","الرسالة"
"Michelin","ميشلان"
"Mobile Tyre Fitment","سيارة تركيب الإطارات"
"Model","طراز السيارة"
"MY ORDERS","طلباتي"
"My Orders","طلباتي"
"MY PRODUCT REVIEWS","آرائي بالمنتجات"
"MY SAVED CARDS","بطاقاتي المحفوظة"
"My Saved Cards","بطاقاتي المحفوظة"
"MY SUBSCRIPTIONS","اشتراكاتي"
"My Subscriptions","اشتراكاتي"
"My Vehicle","مركبتي"
"MY VEHICLE DETAILS","تفاصيل مركبتي"
"Name","الاسم"
"NEW ACCOUNT CONFIRMATION","تأكيد الحساب الجديد"
"NEW CUSTOMER INFORMATION","معلومات العميل الجديد"
"New Customers","عملاء جدد "
"New Password","كلمة مرور جديدة"
"New PASSWORD REQUEST","طلب كلمة مرور جديدة"
"New Style","استمتع بالشكل الجديد!"
"NEW WORK ORDER","طلب عمل جديد"
"News","الأخبار"
"Newsletter Subscription","الاشتراك بالنشرة الإخبارية"
"NEWSLETTER SUBSCRIPTIONS","الاشتراكات بالنشرة الإخبارية"
"Newsletter Unsubscribe","إلغاء الاشتراك بالنشرة الإخبارية"
"NEWSLETTERS","النشرات الإخبارية"
"Newsletters","النشرات الإخبارية"
"No Fitting","بدون التركيب"
"No Stock","غير متوفر في المخزون"
"No stock","غير متوفر في المخزون"
"no stock","غير متوفر في المخزون"
"Note","ملاحظة"
"NOTE  PRICE INCLUDES DELIVERY TO INSTALLER, INSTALLATION, BALANCING & DISPOSAL OF OLD TYRES","ملاحظة: السعر يشمل توصيل المنتج إلى مزوّد خدمة التركيب، وخدمة التركيب وضبط توازن الإطارات الجديدة والتخلّص من الإطارات القديمة"
"OFFERS & PROMOTIONS","العروض والعروض الترويجية"
"OIL BASE","نوع الزيت"
"Oil Change","تبديل الزيت"
"Oil Change / Service Packs Email","تغيير الزيت / باقات الصيانة عبر البريد الإلكتروني"
"Get Price",احصل على الكلفة
"OIL CHANGE CLASSIC","تغيير الزيت كلاسيك"
"Oil Change included","تتوفر خدمة تبديل الزيت"
"Oil Filter","فيلتر الزيت"
"OIL GRADE","درجة الزيت"
"Oil Grade","درجة الزيت"
"Oil leaks","تسرّب الزيت"
"Oil level","مستوى الزيت"
"online","عبر الإنترنت"
"or vehicle details","أو تفاصيل المركبة"
"ORDER","تم إكمال الطلب"
"Order","تم إكمال الطلب"
"Order #","رقم الطلب#"
"Order Comment","التعليق على الطلب"
"ORDER REVIEW","مراجعة الطلب"
"ORDER Securely pay online","دفع كلفة الطلب عبر الإنترنت بكل أمان"
"Order Total","المجموع الإجمالي"
"ORDER UPDATED","تمّ تحديث الطلب"
"Order Updates","تحديثات الطلب"
"ORIGIN","بلد المنشأ"
"Our partner Stop&Go will perform the requested oil change on your car. As a standard procedure we check the car to make sure it is road safe. You will be informed if any concerns arise. No additional jobs are performed without your consent.","سيقوم شريكنا "ستوب أند غو" بتغيير زيت سيارتك بناءً على طلبك. كما نقوم بفحص السيارة للتحقق من أنّها آمنة للسير على الطريق، وسنبلغك إذا وجدنا أيّ خلل. لن ننجز أيّ مهام إضافية قبل الحصول على موافقتك"
"PARTS CATEGORY","فئة قطع الغيار"
"Password","كلمة المرور"
"Password Password you set when creating account","كلمة المرور كلمة المرور التي تختارها عند إنشاء حساب"
"PATTERN","النمط"
"PAYMENT INFORMATION","معلومات الدفع"
"Payment Method","طريقة الدفع"
"per item","حسب السلعة"
"Per Set","حسب الطقم"
"per set","حسب الطقم"
"Per tyre","حسب الإطار"
"PERFORMANCE","الأداء"
"Phone","الهاتف"
"Phone Number","رقم الهاتف"
"Pick-Up/Drop-Off Fee","رسم الاستلام /التوصيل"
"Picture shown is for illustration purpose only.","الصورة المستخدمة لأغراض توضيحية فقط"
"Pirelli","بيريللي"
"Place Order","إرسال الطلب"
"Plate No","اللوحة"
"Plate","اللوحة"
"Please contact us if the customer insists on fitting these to another vehicle or wants to take only the Tyres without installation.","يرجى الاتصال بنا في حال أصرّ العميل على تركيب الإطارات لمركبةٍ أخرى، أو استلام الإطارات من دون تركيبها"
"Please enter a valid email address (Ex: johndoe@domain.com).","يرجى إدخال عنوان بريد إلكتروني صالح (مثال: johndoe@domain.com)"
"Please enter your email address below to receive a password reset link.","يرجى إدخال عنوان بريدك الإلكتروني أدناه لتلقّي رابط لإعادة ضبط كلمة المرور"
"Please feel free to call us at or Write to us at","لا تتردّد في الاتصال بنا على أو مراسلتنا على العنوان"
"Please note the following","يرجى الانتباه لما يلي،"
"Please refuse to accept delivery if the tyres being delivered by the courier are not the exact same specifications and DOT as listed here.","يرجى عدم قبول استلام الإطارات إذا لم تكن بالمواصفات ذاتها ورمز DOT المُدرج هنا"
"Please see the confirmation for the following updates to your order.","يرجى مراجعة التأكيد على التحديثات التالية لطلبك"
"Power steering fluid level Accessories belt","مستوى سائل التوجيه المعزز  حزام الأكسسوارات"
"Power steering leaks","تسريبات سائل التوجيه المعزز"
"PREMIUM SERVICE","خدمة بريميوم"
"Premium Service","خدمة بريميوم"
"Price","السعر"
"PRICE","السعر"
"PRICE ALIGNMENT","مواءمة الأسعار"
"PRICES","أسعار"
"ALIGNMENT","مواءمة"
"PRICE –HIGH TO LOW","السعر - الأعلى إلى الأقل كلفة"
"PRICE –LOW TO HIGH","السعر - الأقل إلى الأعلى كلفة "
"Proceed To Cart","توجه إلى عربة التسوق"
"PROCEED TO CHECKOUT","إتمام عملية الشراء"
"Proceed to Checkout","إتمام عملية الشراء"
"PRODUCTION YEAR","سنة الإنتاج"
"Promotions &amp; Offers","العروض والتخفيضات"
"PROMOTIONS AND OFFERS","العروض والتخفيضات"
"Propeller shaft joins","مفاصل عمود ذراع نقل الحركة"
"Propeller shaft mount","دعائم عمود ذراع نقل الحركة"
"Qty","الكمية"
"QTY","الكمية"
"QUALIFIED CALL CENTER","مركز اتصال معتمد"
"CALL CENTER","مركز اتصال"
"QUALIFIED","معتمد"
"The most famous Tyre brands, anywhere in the KSA. All the regions.","كفرات عالية الجودة من أجلك أينما كنت في المملكة العربية السعودية"
"Rear boot inner","المفصل الخلفي الداخلي"
"Rear boot outer","المفصل الخلفي الخارجي"
"Rear brake discs","أقراص الفرامل الخلفية"
"Rear brake pads","بطانات الفرامل الخلفية"
"Rear diff oil leaks","تسريبات زيت الترس التفاضلي الخلفي"
"Rear diff oil mounts","دعائم زيت الترس التفاضلي الخلفي"
"Rear lower arm","الذراع السفلية الخلفية"
"Rear shocks","ممتصّ الصدمات الخلفية"
"Rear upper arm","الذراع العلوية الخلفية"
"Recent Orders","الطلبات الأخيرة"
"Recent OrdersView All","الطلبات الأخيرة عرض الكل"
"Reset My Password","إعادة ضبط كلمة المرور الخاصة بي"
"Reset your password","إعادة ضبط كلمة المرور الخاصة بك"
"RETURNING CUSTOMER","عميل سبق أن استخدم موقعنا للشراء"
"Reverse bulbs","مصابيح عكسية"
"Rim Size","حجم العجلة"
"Rim","حجم العجلة"
"RUN FLAT","إطارات مسطحة "
"RunFlat","رن فلات"
"Saturday - Thursday 9AM to 9PM","من السبت إلى الخميس، من 9 صباحاً حتى 9 مساءً"
"Saturday - Thursday: 9AM to 9PM","من السبت إلى الخميس، من 9 صباحاً حتى 9 مساءً"
"Saturday - Thursday: 09:00 AM to 06:00 PM","من السبت إلى الخميس، من 9 صباحاً حتى 6 مساءً"
"SAVE ADDRESS","حفظ العنوان"
"Save Address","حفظ العنوان"
"Search","ابحث"
"Close","إغلاق"
"SEARCH & FIND","ابحث عن الإطارات المناسبة"
"SEARCH & FIND By part number or vehicle details","البحث والعثور على المنتج حسب رقم قطعة الغيار أو تفاصيل المركبة"
"search an option","البحث عن خيار"
"SEARCH AN OPTION..","البحث عن خيار.."
"Search by Size","البحث حسب الحجم"
"Search By Size","البحث حسب الحجم"
"Search by Vehicle","البحث حسب المركبة"
"Search By Vehicle","البحث حسب المركبة"
"Search Fitting Location","البحث عن موقع لتركيب الإطارات"
"Secure Online Payments","دفعات آمنة عبر الإنترنت"
"SECURE PAYMENT","الدفع الآمن"
"SECURE","الآمن"
"PAYMENT","الدفع"
"Securely pay","ادفع بأمان عبر الإنترنت"
"See All","عرض الكل"
"Select City","اختر المدينة"
"Select Fitment Location","حدد موقع التركيب"
"Select Fitting Location","حدد موقع التركيب"
"Select here, Mobile Van or Fitment Garage","اختر من هنا خدمة سيارة التركيب أو مركز الصيانة"
"SELECT MOBILE FITMENT SERVICE","اختر خدمة السيارة المتنقلة"
"Select Mobile","خدمة السيارة المتنقلة"
"Fitment Service",""
"Send Message","أرسِل رسالة"
"Sensor","الحساسات"
"Service","الخدمة"
"SERVICE DETAILS","تفاصيل الخدمة"
"Service Details","تفاصيل الخدمة"
"Service Id","رقم تعريف الخدمة"
"Service Packs","باقات الصيانة"
"SERVICE PACKS VS OIL CHANGE","باقات الصيانة مقابل تغيير الزيت"
"set of 4","طقم من 4"
"Ship To","الشحن إلى"
"SHIPMENT INFORMATION","معلومات الشحن"
"Shopping Cart","عربة التسوق"
"Sign in with Facebook","سجّل دخولك عبر فيسبوك"
"Sign in with Google","سجّل دخولك عبر غوغل"
"SIGN OUT","تسحيل الخروج"
"Sign Out","تسحيل الخروج"
"SORT BY","التصنيف حسب"
"Spark Plug Check","فحص شمعة الإشعال (البوجي)"
"Stabilizer bushes","بطانات الموازنة"
"Stabilizer links","وصلات الموازنة"
"STANDARD SERVICE","الخدمة القياسية"
"Standard Service","الخدمة القياسية"
"Starlight Headliner","بطانة السقف المرصعة بالنجوم"
"Starlight Headliner Car Roof","بطانة سقف السيارة المرصعة بالنجوم"
"Status","الحالة"
"Steering","المقود"
"Stop bulbs","مصابيح التوقف"
"Stop&Go is a unique car maintenance and repair garage with multiple locations in Dubai. We pride ourselves in having a team of professionally traine staff that have a true passion in working in the automotive industry. We are customer oriented and look at every car from the owners perspective. Our concerns for safety, costs, transparency and loyalty make us an ideal and dependable everyday car garage for any individual or organisation. For more information visit www.stopandgouae.com",""ستوب أند غو" هي ورشة متميّزة لصيانة السيارات وتصليحها في مواقع متعدّدة في مدينة دبي. نحن نفتخر بفريقنا المؤلف من أفراد مدرّبين تدريباً عالياً لديهم شغف كبير للعمل في قطاع السيارات. همّنا الوحيد هو إرضاء عملائنا عبر الاهتمام بسياراتهم كأنها ملكنا، ونحرص على الحفاظ على سلامة عملائنا وتقديم منتجاتٍ بكلفةٍ مدروسة والتعامل معهم بشفافية لكسب ولائهم الدائم لنا. هذا ما يجعلنا وجهةً مثاليةً يُعتمَد عليها لصيانة سيارات الأفراد أو الشركات. للمزيد من المعلومات يرجى زيارة www.stopandgouae.com"
"Street Address","عنوان الشارع"
"Street Address 2","عنوان الشارع 2"
"Street Address 3","عنوان الشارع 3"
"Street Address Line","سطر عنوان الشارع"
"Submit","إرسال"
"Submit Vehicle","إدخال المركبة"
"SUBSCRIPTION OPTION","خيار الاشتراك"
"Subtotal","المجموع الفرعي"
"SUPERB SERVICE","الخدمة المتميّزة"
"Superb Service","الخدمة المتميّزة"
"Terms & Conditions","الشروط والأحكام"
"Thank you for choosing the TyresOnline","شكراً لاختيارك TyresOnline"
"Thank you for the Email","شكراً لإرسالك البريد الإلكتروني"
"Thank you for your order at TyresOnline","شكراً على إرسال طلبك عبر  TyresOnline"
"Thank you!Your order has been placed successfully.","شكراً لك! تمّ تلقي طلبك بنجاح"
"Thanks for signing up to keep in touch with TyresOnline and Please do check the following login credentials for your TyresOnline account.","شكراً لتسجيل اشتراكك لتبقى على اتصال مع TyresOnline. يرجى التحقّق من بيانات تسجيل الدخول التالية لحسابك على TyresOnline"
"THE BRANDS WE TRUST","إطارات من علامات تجارية نثق بها"
"The customer has paid TyresOnline only for new tyres, installation, balancing and disposal of old tyres. You have the right to charge the customer for any further additional services provided by you to the customer.","سدّد العميل لـ TyresOnline كلفة الإطارات الجديدة وتركيبها وضبط توازنها والتخلص من الإطارات القديمة. لك الحق في  تقاضي ثمن أيّ خدمةٍ إضافية يطلبها العميل منه مباشرةً"
"THE MOST CONVENIENT WAY",""
"The total amount includes the price of the new tyre, delivery, installation, balancing and disposal of old tyres. Please find your order details below.","السعر الإجمالي يشمل سعر الإطارات الجديدة، وتوصيلها، وتركيبها وضبط توازنها والتخلص من الإطارات القديمة. يرجى الاطلاع على تفاصيل طلبك أدناه"
"The tyres supplied to you under this work order must be fitted ONLY to the Vehicle bearing the license plate number and the description specified here.","ينبغي تركيب الإطارات التي تمّ إرسالها لك بموجب هذا الطلب للسيارة التي تحمل رقم لوحة الترخيص والوصف المحدّد في هذه الاستمارة "
"The TyresOnline team","فريق عمل TyresOnline"
"The work order will not be considered complete unless the customer sign this work order and you email back a scanned copy to your TyresOnline contact.","لن يُعتبر طلب العمل مُنجزاً إلا بعد إرسالك نسخةً ممسوحةً من هذه الاستمارة إلى TyresOnline على أن تكون موقّعةً من العميل"
"This is a required field.","هذه الخانة إلزامية"
"TO BUY AND FIT NEW BATTERY","لشراء وتركيب بطارية جديدة"
"TO BUY AND FIT NEW PARTS","لشراء وتركيب قطع غيار جديدة"
"TO BUY AND FIT NEW TYRES","لشراء وتركيب إطارات جديدة"
"DEVTO BUY AND FIT WHEEL PROTECTORS","لشراء وتركيب أجهزة حماية العجلات"
"TO BUY AND FIT WHEEL PROTECTORS",""
"Transfer Case","علبة التحويل"
"Transfer case oil leaks","تسريبات الزيت في علبة التحويل"
"Transmission leaks","تسريبات ناقل الحركة"
"Transmission mounts","دعائم ناقل الحركة"
"TYRE BRANDS WE TRUST","كفرات من علامات تجارية نثق بها"
"Tyre condition","حالة الإطار"
"Tyre DOT","رمز DOT الخاص بالإطار"
"Tyre pressure","ضغط الهواء في الإطار"
"Tyres","الكفرات"
"TYRES","الكفرات"
"Tyres by Brand","كفرات حسب العلامة التجارية"
"TyresOnline is simply the best way to purchase tyres in Saudi Arabia. We ensure that you get the best at a competitive price. Our wide range of quality tyre brands are all available online, making it easy for you to search and find tyres based on your criteria.","موقع TyresOnline هو وجهتك الأولى والمثالية لشراء الكفرات في المملكة العربية السعودية. يضمن لك موفعنا الحصول على أفضل نوع بأسعارٍ تنافسية لن تجد لها مثيل، ونوفر لك تشكيلة واسعة من أشهر الماركات العالمية في صناعة الكفرات، وكلها من خلال موقعنا الإلكتروني."
"Why not start with the tyre brand you already trust and feel comfortable with? If your preferred brand is not listed here, you can always reach out to us, our team will do their best to get you the tyre brand you want.","لتسهيل عملية البحث عن الكفرات المناسبة لسيارتك، كل ما عليك أن تبدأ باختيار الكفر الذي تريده من الماركة التي تثق فيها، وإن لم تكن متاحةً متاحة على موقعنا، تواصل معنا لتبلغنا بنوعه، وفريقنا سيبذل أقصى مجهود لتأمين طلبك."
"Tyre Brands","ماركات الكفرات"
"UNIT PRICE","سعر الوحدة"
"United Arab Emirates","المملكة العربية السعودية"
"Tax","ضريبة القيمة المضافة 15%"
"VEHICLE","نوع السيارة"
"Vehicle","نوع السيارة"
"VEHICLE FULLY RAISED","المركبة مرفوعة بالكامل"
"Vehicle Fully Raised","المركبة مرفوعة بالكامل"
"VEHICLE HALF RAISED","المركبة نصف مرفوعة"
"Vehicle Half Raised","المركبة نصف مرفوعة"
"Vehicle Information","معلومات المركبة"
"VEHICLE ON FLOOR","المركبة على الأرض"
"Vehicle On Floor","المركبة على الأرض"
"VEHICLE PLATE","لوحة المركبة"
"Vehicle Plate","لوحة المركبة"
"View Location","عرض الموقع"
"VIN NUMBER","رقم تعريف المركبة"
"VIN Number","رقم تعريف المركبة"
"Warning lights on dashboard Next service","الأضواء التحذيرية على لوحة القيادة الخدمة التالية"
"WARRANTY PERIOD","فترة الكفالة"
"Washer","سائل المساحات"
"Washer level","مستوى سائل المساحات"
"We have received a requests to change the following information associated with your account at TyresOnline password. If you have not authorized this action, please contact us immediately at customercare.sa@tyresonline.com or call us at 800 255 89737.","تلقينا طلباً لتغيير المعلومات التالية المرتبطة بحسابك على TyresOnline. إذا لم تكن أنت مَن سمح بهذا الإجراء، يُرجى التواصل معنا فوراً على العنوان customercare.sa@tyresonline.com أو الاتصال بنا على الرقم 89737 255 800"
"WE HAVE STRATEGICALLY PARTNERED UP WITH TYRE SPECIALISTS ACROSS THE 7 EMIRATES, MAKING IT EASY FOR YOU TO ORDER TYRES ONLINE AND GET THEM FITTED ON YOUR VEHICLE.","تضم شبكة شركائنا أسماء كبيرة في عالم الكفرات في جميع أنحاء المملكة العربية السعودية. ولذلك نحن نضمن لك أسرع استبدال لكفرات سيارتك أيًا كان مكانك، وبأفضل خدمة عملاء قد تتخيلها على الإطلاق."
"WELCOME TO TYRESONLINE","أهلاً بك في  TYRESONLINE"
"Wheel Protectors","أدوات حماية العجلات"
"WHEELS","العجلات"
"While inspecting the vehicle, technician may recommend replacing the Brake Pads or Brake Disks.","أثناء فحص السيارة، قد يوصي الخبير الفني باستبدال بطانات الفرامل أو أقراصها"
"WHY TYRES ONLINE?","ما الذي يُميّز تايرز اونلاين"
"Width","العرض"
"Windscreen Washer","سائل غسل الزجاج الأمامي"
"Wiper blades","شفرات المسّاحات"
"With Fitting","مع التركيب"
"With tyre Installation - Deliver to Installer Partner","مع التركيب - ستقوم بتوصيل سيارتك إلى مركز الصيانة"
"Year","سنة الصنع"
"YOU ARE SIGNED OUT","جرى تسجيل خروجك"
"You are signed out","جرى تسجيل خروجك"
"You can wait in the Stop&Go lounge where water, coffee and tea is available upon request. When your oil change is complete, you will be informed or contacted.","يمكنك الانتظار في صالة "ستوب أند غو"، حيث تتناول المياه والقهوة والشاي، إذا رغبت في ذلك. وحين تنتهي عملية استبدال بطارية سيارتك، سيتمّ إبلاغك بذلك أو الاتصال لك."
"You do not have any saved cards yet.","ليس لديك أي بطاقة محفوظة بعد"
"You have been successfully subscribed to our newsletter.","تمّ اشتراكك بنجاح في نشرتنا الإخبارية"
"You have been unsubscribed from the newsletter.","تمّ إلغاء اشتراكك في نشرتنا الإخبارية"
"You have no items in your shopping cart.","سلّة التسوّق خالية "
"You have not set a default billing address.","لَم تُدخِل عنوان فوترة محدّداً مسبقاً"
"You have not set a default 	.","لَم تُدخِل عنوان شحن محدّداً مسبقاً"
"You have recently added this product to your Cart","لقد قمت بإضافة هذا المنتج إلى عربة التسوق"
"You have signed out and will go to our homepage in 5 seconds.","تمّ تسجيل خروجك وسيتمّ تحويلك إلى صفحتنا الرئيسية في غضون 5 ثوانٍ"
"You have submitted no reviews.","لم تدوّن أي تعليق"
"You must first add a full billing address before you can add saved cards.","عليك أولاً إضافة عنوان فوترة كامل قبل إضافة أيّ بطاقاتٍ محفوظة"
"You recently requested to reset your password for your TyresOnline account. Use the button below to reset it. This password reset is only valid for the next 24 hours.","طلبت مؤخراً إعادة ضبط كلمة المرور لحسابك على TyresOnline. استخدم الزر أدناه لإعادة ضبطها. لا يمكنك استخدام كلمة المرور الجديدة إلا بعد أربع وعشرين ساعة "
"You subscribe to "General Subscription".","لقد اشتركت بـ"الاشتراك العام""
"You will be contacted soon to confirm tyre STOCK availability and to firm up your appointment with the installer.","سيتم التواصل معك قريباً لتأكيد توفّر الإطار في المخزون وتحديد موعدك مع مزوّد خدمة التركيب."
"You will be contacted soon to firm up your appointment with the installer.","سيتم التواصل معك قريباً لتحديد موعدك مع مزوّد خدمة التركيب"
"YOUR Add Vehicle CAR SERVICE ?","إضافة خدمة صيانة مركبتك؟ "
"Your Email","بريدك الإلكتروني"
"Your Enquiry","استفسارك"
"Your name","اسمك"
"Your Name","اسمك"
"Your order","طلبك"
"Your Vehicle","مركبتك"
"Zip/Postal Code","الرمز البريدي"
"Offers","العروض"
"© TyresOnline.sa, All Rights Reserved.","©جميع الحقوق محفوظة لشركة TyresOnline.sa"
"TyresOnline.ae Home","TyresOnline.sa Home"
"TyresOnline.ae","TyresOnline.sa"
"TyresOnline.sa Home","TyresOnline.sa Home"
"TyresOnline.sa","TyresOnline.sa"
"tyresonline.ae","tyresonline.sa"
"Welcome To Tyres Online KSA","مرحباً بك في تايرز أونلاين السعودية"
"Welcome To Tyres Online UAE","مرحباً بك في تايرز أونلاين السعودية"
"ANYWHERE IN THE UAE","في كافة أنحاء السعودية"
"All over UAE","في جميع أنحاء المملكة العربية السعودية"
"We are strategically partnered with tyre fitment centers across the 7 Emirates, making it easy for you to order tyres online and get them fitted on your vehicle.","تضم شبكة شركائنا أسماء كبيرة في عالم الكفرات في جميع أنحاء المملكة العربية السعودية. ولذلك نحن نضمن لك أسرع استبدال لكفرات سيارتك أيًا كان مكانك، وبأفضل خدمة عملاء قد تتخيلها على الإطلاق."
"50+","+50"
"Rear Tyre Selection","اختيار الإطارات الخلفية"
"Rear Tyre Selection: "," :اختيار الإطارات الخلفية"
"No time slot is available.","لا يوجد فترة زمنية متاحة."
"Without tyre Installation - Deliver to my Address","بدون التركيب - التوصيل إلى عنواني"
"Fitting Location Choice","ابحث عن مراكز التركيب"
"Select","يختار"
"Search Location","موقع البحث"
"View All in Map","عرض الكل في الخريطة"
"Pick-Up Options","خيارات البيك اب"
"Pick-Up","يلتقط"
"Drop-Off","إنزال"
"Pick-Up + Drop-Off","بيك اب + إنزال"
"Select your location","حدد موقعك"
"See on Map","انظر على الخريطة"
"See On Map","انظر على الخريطة"
"Pin On Map","تثبيت على الخريطة"
"Select Installer","حدد المثبت"
"SELECT THIS INSTALLER","حدد هذا المثبت"
"Fitment Date","تاريخ الإعداد"
"Fitment Time","وقت الإعداد"
"Please select fitting installer.","الرجاء تحديد المثبت المناسب."
"Not available pick-up/drop-off service at this location.","خدمة التوصيل / التوصيل غير متوفرة في هذا الموقع."
"Select Model","حدد الطراز"
"Select Year","حدد السنة"
"New Address","عنوان جديد"
"Allow remote shopping assistance","السماح بمساعدة التسوق عن بعد"
"Discount","خصم"
"discount","خصم"
"discount?","خصم؟"
"on one set of 2 or 4 tyres","على مجموعة واحدة من 2 أو 4 إطارات"
"Just share with us your vehicle details","فقط شارك معنا تفاصيل سيارتك"
"to enhance your experiene on this website","لتعزيز تجربتك على هذا الموقع"
"Create an account?","إنشاء حساب؟"
"Additional","إضافي"
"Valid on accessories, battery and oil change.","صالح على الملحقات والبطارية وتغيير الزيت."
"Just create an account by choosing a password,","فقط قم بإنشاء حساب عن طريق اختيار كلمة مرور ،"
"or simply login with your facebook or Google account.","أو ببساطة قم بتسجيل الدخول باستخدام حساب Facebook أو Google الخاص بك."
"e-mail","البريد الإلكتروني"
"FREE FITMENT & BALANCING","تركيب وتوازن مجاني"
"set of 2","مجموعة من 2"
"per tyre","لكل إطار"
"Tyre fitment & wheel balancing included","يشمل تركيب الإطارات وموازنة العجلات"
"Tyre fitment &amp; wheel balancing included","يشمل تركيب الإطارات وموازنة العجلات"
"DETAILS","تفاصيل"
"add to cart","أضف إلى السلة"
"Buy Now","اشتري الآن"
"BUY NOW","اشتري الآن"
"Call Us","اتصل بنا"
"Call us","اتصل بنا"
"CALL US","اتصل بنا"
"FRONT","أمامي"
"REAR","مؤخرة"
"FRONT + REAR","أمامي + خلفي"
"FREE FITMENT AND BALANCING","تركيب وتوازن مجاني"
"Modify","تعديل"
"per litre","للتر الواحد"
"1 YEAR WARRANTY OR SERVICE INTERVAL OF YOUR VEHICLE","ضمان لمدة عام أو لموعد الصيانة القادم"
"Contact us to know what is right amount of oil for your vehicle.","اتصل بنا  لمعرفة كمية الزيت المناسبة لسيارتك"
"1 YEAR WARRANTY OR 15,000 KM'S","ضمان لمدة سنة أو 15,000 كم"
"3 YEARS WARRANTY OR 30,000 KM'S - With new brake pads & discs","ضمان لمدة 3 سنوات أو 30،000 كم - مع وسادات وأقراص فرامل الجديدة"
"Brake Sensor","مستشعر الفرامل"
"18 MONTHS WARRANTY OR SERVICE INTERVAL OF YOUR VEHICLE","ضمان لمدة 18 شهراً أو لموعد الصيانة القادم"
"12 MONTHS WARRANTY OR SERVICE INTERVAL OF YOUR VEHICLE","ضمان لمدة 12 شهراً أو لموعد الصيانة القادم"
"Oil","الزيت"
"Change","تغيير"
"Check ( ","يفحص("
" ) to indicate",") للإشارة"
"items to include","العناصر المراد تضمينها"
"Basic","الأساسي"
"Standard","القياسية"
"Premium","بريميوم"
"Superb","المتميّزة"
"Select Service Pack","حدد حزمة الخدمة"
"Oil Brand","ماركة الزيت"
"Air Filter Brand","ماركة فلتر الهواء"
"Oil Filter Brand","ماركة فلتر الزيت"
"In Comparison mode, changing ac filter brand or ac filter will render same result in AC Filter selection.","في وضع المقارنة ، سيؤدي تغيير ماركة مرشح التيار المتردد أو مرشح التيار المتردد إلى عرض نفس النتيجة في تحديد مرشح التيار المتردد."
"AC Filter Brand","ماركة فلتر مكيف الهواء"
"In Comparison mode, changing oil filter brand or oil filter will render same result in Oil Filter selection.","في وضع المقارنة ، سيؤدي تغيير ماركة فلتر الزيت أو فلتر الزيت إلى عرض نفس النتيجة في اختيار فلتر الزيت."
"In Comparison mode, changing air filter brand or air filter will render same result in Air Filter selection.","في وضع المقارنة ، سيؤدي تغيير العلامة التجارية لمرشح الهواء أو مرشح الهواء إلى عرض نفس النتيجة في تحديد مرشح الهواء."
"Car Check","فحص السيارة"
"Spark Plugs Check","فحص شمعات الإشعال"
"While inspecting the vehicle, technician may recommend replacing the Spark Plugs.","أثناء فحص السيارة ، قد يوصي الفني باستبدال شمعات الإشعال."
"Spark plugs are quoted separetly, they are not included in the package.","يتم عرض شمعات الإشعال بشكل منفصل ، ولا يتم تضمينها في العبوة."
"Power","قوة"
"Fuel","الوقود"
"Fuel process Type","نوع عملية الوقود"
"Manufactured from / to","مصنعة من / إلى"
"Car body","هيكل السيارة"
"Related Parts","قطع غيار ذات صلة"
"Lubricants","الزيوت"
"Brake Pads","وسادات الفرامل"
"Car Battery","بطارية السيارة"
"CAR BATTERY","بطارية السيارة"
"Replacement","استبدال"
"REPLACEMENT","استبدال"
"Packs","حزم"
"All Parts","كل الأجزاء"
"Car Tyres","إطارات السيارة"
"Edit Vehicle","تحرير السيارة"
"Login / Sign Up","الدخول التسجيل فى الموقع"
"Please select date and time","الرجاء تحديد التاريخ والوقت"
"Price - Low To High","السعر - من الأدنى إلى الأعلى"
"Price - High To Low","السعر - من الأعلى إلى الأدنى"
"Enter a location...","... أدخل موقعاً"
"View Result","أظهِر النتائج"
"Select your vehicle’s location, and schedule the time for the service.","حدد موقع سيارتك وجدول موعد الخدمة."
"One of our agents will contact you to confirm location and time.","سيتصل بك أحد وكلائنا لتأكيد الموقع والوقت."
"Enter your Location","أدخل موقعك"
"Select Location from a Map","حدد الموقع من الخريطة"
"Additional Notes","ملاحظات إضافية"
"AlloyGators are for wheels ranging from 12″ to 24″ diameter. Each set contains 4 AlloyGator wheel protectors,","تناسب أدوات حماية "AlloyGator" الإطارات التي يتراوح قطرها بين 12 إلى 24 إنشاً. يتكون كل طقم من 4 قطع حماية للإطارات بالإضافة إلى 6 مشابك وصل ومشابك فولاذية للتركيب وأخيراً الغراء. تتوفر واقيات "AlloyGator" بـ 14 لوناً مختلفاً تمكنك من اختيار ما يناسب ذوقك. "
" 6 joining clips, stainless steel securing clips and glue. AlloyGators are also available in 14 colours.",""
"AlloyGator is the only truly engineered wheel protection solution on the market","AlloyGator هو الحل الأمثل لحماية إطارات سيارتك."
"AlloyGator rim protectors fit between the wheel and tyre and are held in place with diamond gripping technology. The AlloyGators use specially designed locking teeth, diamond grips and robust stainless-steel clips to ensure a secure, long-lasting fit to your vehicle. AlloyGators have a rounded edge and matt finish to compliment the appearance of your wheels.","يتم تركيب واقيات "AlloyGator" بين الجنوط والإطارات وهي مزودة بأكثر من مشبك لضمان ثباتها بإحكام على الإطارات. ستساعدك واقيات "AlloyGator" في حماية الإطارات والجنوط وإدامة فترة استخدامها لأطول وقت ممكن بالإضافة إلى إضفاء لمسة جمالية على سيارتك."
"The Brands","علامات "
"We Trust","نثق بها"
"ANYWHERE IN DUBAI","في كافة أنحاء دبي"
"Get a Quote","إقتبس"
"Shop Now","تسوق الآن"
"Color","اللون"
"FITMENT INCLUDED",التركيب متضمن
"Search by Code","البحث عن طريق الكود"
"MatraX","ماتراكس"
"Privacy Policy","سياسة الخصوصية"
"AED","ريال"
"SAR","ريال"
"set of","طقم من"
"Auto Parts","قطع غيار السيارات"
"Add To Cart","أضف إلى عربة التسوق"
"Size","حجم"
"Origin","بلد المنشأ"
"Warranty","الضمان"
"Description","وصف المنتج"
"Litre","لتر"
"Reset","مسح البيانات"
"Pirelli","بيريللي"
"MatraX","ماتراكس"
"Goodyear","جوديير"
"Toll Free:",":الرقم المجاني"
"COMPETITIVE","منافسة"
"Tyre Size","مقاس الإطار"
"Note: Most vehicle manufacturer’s produce vehicles with more than one possible size.  We strongly recommend all customers check the tyre size printed on the side wall of their tyres before purchase.","ملاحظة: يُنتج معظم مصنعي السيارات مركبات يمكن لها أن تأخذ أكثر من مقاس. ننصح عملاءنا بشدة بالتأكد من مقاس الإطار المُبيّن على الجهة الجانبية قبيل إتمام عملية الشراء."
"Front Tyre Selection","اختيار الإطارات الأمامية"
"Front Tyre Selection: "," :اختيار الإطار الأمامي"
"Current Selection: ",":الاختيار الحالي"
"Search an option ..","أبحث عن .. "
"Video","فيديو"
"Show","عرض المنتجات"
"PRODUCT INFORMATION","معلومات المنتج"
"Product Name","اسم المنتج"
"Load / Speed Index","مقياس السرعة \ الحمولة"
"Manufactory Year","سنة الصنع"
"All prices include VAT","تشمل الأسعار ضريبة القيمة المضافة"
"SKU","رمز المنتج"
"Original Article Number","رقم السلعة العالمي"
"Article Number","رقم السلعة العالمي"
"Product Group","مجموعة المنتج"
"View more details","المزيد من التفاصيل"
"Brake Disc Type","نوع قرص الفرامل"
"View Cart","أظهر عربة التسوق"
"Summary","المجموع"
"Enter Your discount code","قم بإدخال كود الخصم"
"Cancel","إلغاء"
"Please select fitting installer and proceed to checkout.","يُرجى اختيار موقع التركيب ومن ثم تابع إتمام الشراء"
"All Installers","كل مواقع التركيب"
"Checkout","إتمام عملية الشراء"
"You can create an account after checkout.","يمكنك إنشاء حساب بعد إتمام عملية الشراء."
"We'll send your order confirmation here.","سنقوم بإرسال تأكيد الطلب إلى هنا."
"Area","المنطقة"
"Select Area","اختَر المنطقة"
"Company Details(Optional)","بيانات الشركة (اختياري)"
"Shipping Methods","طُرُق الشحن"
"You have selected","لقد قمت باختيار"
"Any comments regarding the order?","هل لديك أي ملاحظات حول الطلب؟"
"Cart Subtotal","المجموع الفرعي"
"View and Edit Cart","إظهار وتعديل محتويات عربة التسوّق"
"more details","المزيد من التفاصيل"
"If you have an account, sign in with your email address.","إذا كان لديك حساب، قم بتسجيل الدخول باستخدام بريدك الإلكتروني."
"Creating an account has many benefits: check out faster, keep more than one address, track orders and more.","يمكنك الاستفادة من حسابك بالعديد من الميزات منها: إتمام أسرع لطلبك وحفظ أكثر من عنوان وتتبع الطلبات وأكثر."
"The account sign-in was incorrect or your account is disabled temporarily. Please wait and try again later.","حدث خطأ ما أثناء تسجيل الدخول إلى حسابك، أو أن حسابك قد توقف مؤقتاً، يُرجى الانتظار والمحاولة لاحقاً."
"Create New Customer Account","إنشاء حساب جديد"
"Personal Information","البيانات الشخصية"
"Sign-in Information","بيانات تسجيل الدخول"
"If you are a registered VAT customer, please click here to enter your billing address for proper VAT calculation.","إذا كنت مسجّلاً كعميل بضريبة القيمة المضافة، يُرجى إدخال عنوان للفوترة لاحتساب ضريبة القيامة المضافة بشكل صحيح."
"You aren't subscribed to our newsletter.","لم تنضم إلى قائمتنا البريدية."
"Change Password","تغيير كلمة المرور"
"Manage Addresses","إدارة العناوين"
"You have placed no orders.","لم تقم بعمل أي طلبات"
"Change Shipping Address","تغيير عنوان الشحن"
"Change Billing Address","تغيير عنوان الفوترة"
"Additional Address Entries","بيانات عنوان إضافية"
"You have no other address entries in your address book.","ليس لديك أي عنوان آخر في سجل عناوينك."
"VAT Number","الرقم الضريبي"
"Use as my default billing address","استخدم عنوان الفوترة الافتراضي الخاص بي"
"Use as my default shipping address","استخدم عنوان الشحن الافتراضي الخاص بي"
"It's a default billing address.","إنه عنوان الفوترة الافتراضي"
"It's a default shipping address.","إنه عنوان الشحن الافتراضي"
"You saved the address.","لقد قمت بحفظ هذا العنوان."
"Current Password","كلمة المرور الحالية"
"Confirm New Password","تأكيد كلمة المرور"
"Save","حفظ"
"Delete","حذف"
"Enter your card details:","قم بإدخال بيانات بطاقتك:"
"per page","بالصفحة الواحدة"
"You do not have any subscriptions yet.","ليس لديك أي اشتراكات بعد."
"You can track your order status by creating an account.","يمكنك تتبع حالة طلبك بإنشاء حساب خاص بك."
"We'll email you an order confirmation with details and tracking info.","سنرسل لك رسالة تأكيد الطلب وطريقة تتبع الطلب على بريدك الإلكتروني."
"Thank you for your purchase!","رائع، لقد تم استلام طلبك!"
"Woohaa, Your order is placed!","رائع، لقد تم استلام طلبك!"
"Your order # is: ",":رقم طلبك هو"
"Your order # is:",":رقم طلبك هو"
"Mobile Tyre Van Service","سيارة تركيب الإطارات"
"For delivery questions.","لاستفسارات التوصيل"
"View All","أظهِر الكل"
"Processing","قيد المعالجة"
"Complete","تم بنجاح"
"Make","النوع"
"Last Name","الاسم الأخير"
"My Account","حسابي"
"Your Selections","اختياراتك"
"If loader does not close automatically, please Click Here","إن لم يحولك المتصفح تلقائياً، اضغط هنا"
"View and Edit Cart","إظهار وتعديل عربة التسوّق"
"Order Summary","إجمالي الطلب"
"Items in Cart","السلع التي اخترتها"
"Item in Cart","السلع التي اخترتها"
"Shipping Address","عنوان الشحن"
"Area","المنطقة"
"You have selected ","لقد قمت باختيار"
"Credit/Debit – Visa/Mastercard","بطاقة الخصم\الائتمان - فيزا\ماستر كارد"
"TRN","رقم السجل الضريبي"
"CALL TOLL FREE","اتصل على الرقم المجاني"
"سيارتك","سيــــــــــارتك"
"Black","أسود"
"Graphite","الغرافيت"
"Silver","فضي"
"White","أبيض"
"Bronze","برونزي"
"Gold","ذهبي"
"Blue","أزرق"
"Purple","بنفسجي"
"Sky Blue","أزرق سماوي"
"Green","أخضر"
"Yellow","أصفر"
"Pink","وردي"
"Orange","برتقالي"
"Red","أحمر"
"Get a car battery or car jumpstart at your location in Dubai.","احصل على بطارية السيارة أو محرك السيارة في موقعك في دبي."
"Select your location in Dubai","اختَر موقعك في دبي"
"We’re doing our best to reach you at the earliest, Urgent fixes?"," نعمل بأقصى طاقتنا للوصول إليك، بحاجة لإصلاح عاجل؟"
"Shipping & Handling ","رسوم التركيب"
"Shipping & Handling","رسوم التركيب"
"VAT(15%)","ضريبة القيمة المُضافة (15%)"
"Time","زمن"
"800 255 89737","89737 255 800"
"TYRES, IT'S WHAT WE DO","الإطارات، مهنتنا ومجالنا"
"Copyright © 2022 Easy Click Tyres Trading L.L.C., All rights reserved.","حقوق النشر © 2022 ايزي كليك لتجارة الإطارات ش.ذ.م.م، جميع الحقوق محفوظة "
"Location Map","موقع التركيب"
"SHOP AT TYRESONLINE","تسوّق مع تايرز أونلاين"
"The easiest way to buy tyres online, anywhere in the KSA.","أسهل طريقة لشراء الكفرات أونلاين من أي مكان في السعودية"
"Shop Tyres","أبحث عن كفرات جديدة"
"Search by the tyre size or vehicle details, select quantity and add to cart."," ابحث حسب حجم الإطار أو نوع السيارة، اختَر الكمية وأضِفها إلى عربة التسوق."
"Tyre Fitment"," تركيب الكفرات الجديدة"
"TYRE FITMENT"," تركيب الكفرات"
"CENTERS","مركزا"
"Select one of our partner installers.","اختَر أحد شركائنا لتتمكن من إجراء عملية التركيب لديه."
"Buy Tyres","شراء كفرات"
"Easy checkout and secure payment options.","عملية إتمام الطلب سهلة جداً وخيارات الدفع آمنة تماماً."
"We've got a great tyre partnership networks all over KSA, this guarantees you the quickest service ever along with the Ultimate customer happiness you ever pictured!","تضم شبكة شركائنا أسماء كبيرة في عالم الكفرات في جميع أنحاء المملكة العربية السعودية. ولذلك نحن نضمن لك أسرع استبدال لكفرات سيارتك  أيًا كان مكانك، وبأفضل خدمة عملاء قد تتخيلها على الإطلاق."
"Get your tyres replaced with the best prices of high-end tyre brands from all over the world, Don't wait any longer!","استبدل كفرات سيارتك بأفضل الأسعار في المملكة العربية السعودية، ومن أفضل الأسماء في عالم صناعة 
الكفرات من جميع أنحاء العالم. لا تنتظر، اتجه إلى مراكز خدماتنا في أي مكان!"
"TYRES ANYWHERE IN THE KSA","إطارات وكفرات في كافة أنحاء السعودية"
"We are it! We're always online, search and find the tyres you need from the comfort of wherever you are in the KSA.","إنه هنا! ستجدنا دائماً عبر الإنترنت، قم بالبحث عن الكفرات التي تحتاجها وقم بشرائها أونلاين من أي مكان في السعودية."
"Authorized Tyre brands","ماركات كفرات معتمدة"
"We have brands for every taste and need. From globally established, award winning and innovative brands to newcomers in the market looking to make their mark.","لدينا علامات تجارية تلبي كل الأذواق والاحتياجات، من العلامات العالمية الراسخة والحائزة على جوائز والمبتكرة، إلى العلامات الناشئة في السوق التي تسعى لترك بصمتها."
"We have brands for every taste and need. From globally established, award winning and innovative brands to newcomers to the market looking to make their mark.","لدينا علامات تجارية تلبي كل الأذواق والاحتياجات، من العلامات العالمية الراسخة والحائزة على جوائز والمبتكرة، إلى العلامات الناشئة في السوق التي تسعى لترك بصمتها."
"Tyres Jeddah","كفرات جدة"
"Tyres Riyadh","كفرات الرياض"
"Tyres Makkah","كفرات مكة"
"Tyres Dammam","كفرات الدمام"
"Tyres Yanbu","كفرات ينبع"
"Tyres Abha","كفرات أبها"
"Tyres Hail","كفرات حائل"
"Tyres Alkhobar","كفرات الخبر"
"Tyres Hassa","كفرات الإحساء"
"Tyre Brands","ماركات الكفرات"
"SEE ALL BRANDS","اكتشف كل العلامات التجارية"
"Everything you need to know about tyres and anything automotive.","كل ما تريد معرفته عن الكفرات والسيارات"
"ALL POSTS","كل مقالات"
"TYRESONLINE BLOG","<span>المدونة</span> تايرز أونلاين"
"The Tyre Brands We Trust","العلامات التجارية التي <span>نثق بها</span>"
"Tyres Brand","العلامات التجارية"
"FAQs","الأسئلة الشائعة"
"© Tyresonline, All Rights Reserved.","جميع الحقوق محفوظة لتايرز أونلاين ©"
"Al-Talayi Company Limited","شركة الطلائع المحدودة"
"Fourth Floor, Bridgestone Bldg. Al Sharafeyah, Palestine St. Jeddah, KSA","المملكة العربية السعودية، جدة، شارع فلسطين، الشرفية، مبنى بريجستون، الطابق الرابع"
"Brazil","لبرازيل"
"Britain","بريطانيا"
"C. Republic","التشيك"
"Canada","كندا"
"China","الصين"
"Costa Rica","كوستاريكا"
"Denmark","الدنمارك"
"Europe","أوروبا"
"France","فرنسا"
"Germany","ألمانيا"
"Hungary","المجر"
"India","الهند"
"Indonesia","إندونيسيا"
"Italy","إيطاليا"
"Japan","اليابان"
"Korea","كوريا"
"Luxembourg","لوكسمبورغ"
"Malaysia","ماليزيا"
"Mexico","المكسيك"
"None","بدون"
"Philippines","الفلبين"
"Poland","بولندا"
"Portagal","البرتغال"
"Portugal","البرتغال"
"Romania","رومانيا"
"Russia","روسيا"
"Serbia","صربيا"
"Slovakia","سلوفاكيا"
"Slovenia","سلوفينيا"
"South Korea","كوريا الجنوبية"
"Spain","إسبانيا"
"Taiwan","تايوان"
"Thailand","تايلاند"
"Turkey","تركيا"
"UK","المملكة المتحدة"
"USA","أمريكا"
"Vietnam","فيتنام"
"South Africa","جنوب إفريقيا"
"Do you have any comments regarding the order?","هل لديك أي تعليقات بخصوص الطلب؟"
"Categories","الفئات"
"Popular Tags","مدونات متصدّرة"
"Recent Post","أحدث المدوّنات"
"Stay Connected","ابقَ متابعاً"
"Share By","شارك عبر"
"Read More","اقرأ المزيد"
"Next","المدوّنة التالية"
"Previous","المدوّنة السابقة"
"Continue Reading","أكمل القراءة"
"NEW WORK ORDER","طلب جديد"
"Dear Installer","حضرة مزوّد خدمة التركيب،"
"Thank you for accepting TyresOnline Work","شكراً على قبولك المهمّة المطلوبة من TyresOnline"
"Please find the details below","يرجى الاطلاع على التفاصيل التالية"
"Delivery Date/Time","تاريخ/ وقت التوصيل"
"1. The tyres supplied to you under this work order must be fitted ONLY to the Vehicle bearing the license plate number and the description specified here. Please contact us if the customer insists on fitting these to another vehicle.","1. ينبغي تركيب الإطارات التي أُرسلت لك بموجب هذا الطلب حصرياً في المركبة التي تحمل رقم اللوحة ذاته والوصف المحدّد في هذا المستند. يرجى التواصل معنا في حال أصرّ العميل على تركيب هذه الإطارات لمركبةٍ مختلفة."
"2. Please refuse to accept delivery if the tyres being delivered by the courier are not the exact same specifications and DOT as listed here.","2. يرجى عدم قبول استلام الإطارات الواردة المرسلة إليك، ما لم تكن بالمواصفات المطلوبة ذاتها، مع رمز DOT المُدرج في الطلب."
"3. The customer has paid for new tyres, delivery, installation, balancing and disposal of old tyres.  You will have to charges the customer directly for Alignment or any other service you provide.","3. سدّد العميل سعر الإطارات الجديدة وكلفة توصيلها وتركيبها وضبط توازنها والتخلص من الإطارات القديمة. إذا طلب العميل أيّ خدمة أخرى منك، مثل ضبط استقامة العجلات أو غير ذلك، ينبغي عليك تحصيل الكلفة الإضافية منه مباشرةً."
"4. The work order will not be considered complete unless the customer sign this work order and you email back a scanned copy to your TyresOnline contact.","4. لا يُعتبر العمل مُنجزاً إلا بعد إرسالك نسخةً مصوّرة وموقّعة من العميل إلى البريد الإلكتروني للجهة التي تواصلت معك من TyresOnline."
"Job Complete (Y/N)","أُنجزت المهمة (نعم/ لا)"
"Remarks (if any)","الملاحظات (إذا وُجدت)"
"Date & Time","التاريخ والوقت"
"Customer Signature","توقيع العميل"
"PURCHASE ORDER","طلب شراء"
"PO/ORDER","رقم طلب الشراء/ الطلب"
"VENDOR","البائع"
"SHIP TO","تُشحَن إلى"
"Order Comment","ملاحظات بشأن الطلب"
"Click Here","اضغط هنا"
"Special Instructions","تعليمات خاصة"
"1. Please mention this order number in your invoices for this order.","1. يرجى ذكر رقم الطلب المحدّد أعلاه في الفواتير الخاصة به."
"2. Please notify us immediately if you are unable to ship as specified.","2. في حال تعذّر عليكم شحن الطلب بالشكل المحدّد، يرجى إبلاغنا بذلك على الفور."
"If you have any questions about this purchase order, please contact","لأيّ سؤال حول طلب الشراء، يرجى التواصل معنا على الرقم "
"Al-Talayi Company Limited","شركة الطلائع المحدودة"
"Fourth Floor, Bridgestone Bldg. Al Sharafeyah, Palestine St. Jeddah, KSA","المملكة العربية السعودية، جدة، شارع فلسطين، الشرفية، مبنى بريجستون، الطابق الرابع"
"Copyright © 2022 TyresOnline, All rights reserved.","جميع الحقوق محفوظة لتايرز أونلاين © 2022"
"Copyright © 2023 TyresOnline, All rights reserved.","جميع الحقوق محفوظة لتايرز أونلاين © 2023"
"Copyright © 2024 TyresOnline, All rights reserved.","جميع الحقوق محفوظة لتايرز أونلاين © 2024"
"3. The tyre/s to be supplied under this purchase order must comply with KSA law and with standards approved as Gulf Technical Regulations by GSO.","3. يجب أن يتوافق الإطار / الإطارات التي سيتم توريدها بموجب أمر الشراء هذا مع قانون المملكة العربية السعودية والمعايير المعتمدة وفقًا للوائح الفنية الخليجية من قبل هيئة التقييس الخليجية."
"Thanks for contacting us. We'll respond to you very soon.","شكراً لتواصلك معنا، سنقوم بالرد عليك قريباً."
"Sunday to Thursday: 09:00 AM to 05:00 PM","الأحد - الخميس: 9:00 صباحاً حتى 5:00 مساءً"
"Friday and Saturday - Closed","الجمعة والسبت - مغلق"
"My Order Attachments","مرفقات الطلب"
"No records found","لم يتم العثور على نتائج"
"Coupon was successfully applied.","تم تطبيق رمز الكوبون بنجاح"
"Coupon code was removed.","تمت إزالة رمز الكوبون"
"Coupon code is not valid.","رمز الكوبون غير صالح"
"Remove","إزالة"
"Remove item","إزالة البند"
"Are you sure you would like to remove this item from the shopping cart?","هل أنت متأكد أنك تريد إزالة هذا البند من سلّة التسوّق؟"
"OK","نعم"
"We can't find products matching the selection.","لا يمكننا العثور على المنتج المطابقة للاختيار"
"Enter your comment...","أدخل تعليقك ..."
"Search By","بحث عن طريق"
"Set of","طقم من"
"Set of 4","طقم من 4"
"Set of 2","طقم من 2"
"Set of 1","طقم من 1"
"ADD","أضف"
"Tyre fitment included","شاملة تركيب الإطارات"
"BUY","إشتري"
"Run Flat Tyres","إطارات ران فلات"
"Run Flat Tyres (RFT) are a unique type of tyre engineered to maintain structural integrity after experiencing a puncture.","الإطارات ران فلات هي نوع فريد من الإطارات المصممة للحفاظ على السلامة الهيكلية بعد التعرض للثقب."
"They feature reinforced sidewalls that support the vehicle's weight even when air pressure is lost. This means you can keep driving for a bit longer, usually around 80 km, at a reduced speed of about 80 km/h. RFTs offer increased safety and convenience, as you'll have enough time to find a safe place or workshop to get it fixed or replaced.","تتميز بجدران جانبية معززة تدعم وزن السيارة حتى عند فقد ضغط الهواء. هذا يعني أنه يمكنك الاستمرار في القيادة لفترة أطول قليلاً، عادةً حوالي 80 كم، بسرعة مخفضة تبلغ حوالي 80 كم/ساعة. توفر إطارات المسطحة مزيداً من الأمان والراحة، حيث سيكون لديك ما يكفي من الوقت للعثور على مكان آمن أو ورشة عمل لإصلاحها أو استبدالها."
"ALL TYRES SIZE","جميع مقاسات الإطارات"
"More Tyre Options of","المزيد من خيارات الإطارات"
"SEE ALL","عرض جميع الإطارات"
"Search here","إبحث هنا"
"Search here ...","إبحث هنا ..."
"TYRE SHOP NEAR ME - SEARCH YOUR LOCATION","متجر كفرات بالقرب مني - ابحث عن موقعك"
"SEARCH","إبحث"
"No any Installer found!!","لم يتم العثور على أي موقع لتركيب الكفرات!!"
"Convenient Tyre Fitting with TyresOnline","مواقع مناسبة لتركيب الكفرات معTYRESONLINE"
"At TyresOnline, we understand that convenience is key when it comes to fitting your vehicle with new tyres. That’s why we have partnered with the best fitment centers across the KSA to ensure that you can find a location that suits your needs. On this page, you can easily search your area to find fitment centers near you and select the one that’s most convenient. We make tyre fitting easy and hassle-free, so you can get back on the road with confidence.","في تايرز اونلاين، نحن نعرف أن السهولة هي أهم عنصر عند تركيب كفرات جديدة لسيارتك. لهذا، تعاونا مع أكبر مراكز تغيير الكفرات في المملكة العربية السعودية، ولضمان وجود مركز قريب لخدمتك أيًا كان مكانك أو احتياجك. يمكنك من خلال هذه الصفحة الاطلاع على جميع مراكز تغيير الكفرات القريبة منك، وتختار المناسب لك منها. مهتمنا هي راحتك، وراحتك هي الرجوع إلى الطريق في أقصر فترة بعد وصولك إلى مراكز شركائنا."
"Enter tyre size","أدخل مقاس الإطار"
"Please enter tyre size","الرجاء إدخال مقاس الإطار"
"Fares Al Toruk Company","شركة فارس الطرق"
"Second floor, Bridgestone Bldg. Al Sharafeyah, Palestine St. Jeddah, KSA","المملكة العربية السعودية، جدة، شارع فلسطين، الشرفية، مبنى بريجستون، الطابق الثاني"
"Second Floor, Bridgestone Bldg.,","مبنى بريجستون، الطابق الثاني"
"Al Sharafeyah, Palestine St. Jeddah, KSA","المملكة العربية السعودية، جدة، شارع فلسطين، الشرفية، "
"from you","منك"
"SEARCH LOCATION","ابحث عن موقعك "
"Buy Tyres Online","أشتري كفرات أونلاين"
"Fit Anywhere in the KSA","تركيب الكفرات في جميع أنحاء السعودية"
"Fit Anywhere in the UAE","تركيب الكفرات في جميع أنحاء السعودية"
"Why buy from Tyresonline.ae?","لماذا تشتري من TyresOnline.sa؟"
"Why buy from TyresOnline.ae?","لماذا تشتري من TyresOnline.sa؟"
"700 درهم إماراتي","700 ريال سعودي"
"60+ Authorized Tyre Brands","ماركات كفرات معتمدة +50"
"Current Deals","العروض الحالية"
"Search Tyres by Size","أبحث حسب حجم الكفر"
"We are it! We’re always online, search and find the tyres you need from the comfort of wherever your are in the KSA.","نحن بجانبك أينما كنت. أبحث وأختر الكفرات التي تحتاجها بمنتهى السهولة أينما كنت داخل المملكة 
العربية السعودية."
"KSA TYRES ","كفرات السعودية بجميع  "
"IN ALL MAJOR CITIES","المدن الكبرى بالمملكة"
"TYRE SHOP", "متجر كفرات"
"NEAR ME", "بالقرب مني"
"TYRES IN","كفرات في"
"ALL OVER THE KSA","في جميع أنحاء السعودية"
"ALL OVER THE UAE","في جميع أنحاء السعودية"
"THE RIGHT TYRES FOR YOUR VEHICLE","الإطارات المناسبة لمركبتك"
"Looking for the perfect tyres for your car? TyresOnline has got you covered! Browse through our wide selection of tyres for most brands and models to find the perfect fit for your vehicle.","هل تبحث عن الإطارات المثالية لمركبتك؟ TyresOnline يوفر لك ما تحتاجه! تصفح مجموعتنا الواسعة من الإطارات لمعظم العلامات التجارية والموديلات لتجد الإطار المثالي لمركبتك."
"ALL CAR BRANDS","جميع العلامات التجارية للسيارات"
"Tyre Offers, Promotions, and Deals in KSA","عروض وترويجات وخصومات الكفرات في جميع أنحاء المملكة العربية السعودية"
"Tyre Offers and Promotion - Best Deals in KSA","عروض وترويجات وخصومات الكفرات في جميع أنحاء المملكة العربية السعودية"
"Discover unbeatable tyre offers, promotions, and deals at TyresOnline.sa! Our website is your go-to destination for the best tyre prices in Riyadh and across the KSA. We regularly update our promotions to provide you with exceptional value on top-quality tyres. Whether you're looking for discounts, special deals, or seasonal promotions, you'll find the best tyre deals here. Stay tuned and check back often to take advantage of our latest tyre offers and save big on your next purchase. TyresOnline.sa - your trusted source for all your tyre needs!","اكتشف عروض وترويجات وخصومات الإطارات التي لا تقاوم على TyresOnline.sa! موقعنا هو وجهتك المثالية لأفضل أسعار الكفرات في الرياض وفي جميع أنحاء المملكة العربية السعودية. نقوم بتحديث ترويجاتنا بانتظام لنقدم لك أفضل قيمة على الكفرات عالية الجودة. سواء كنت تبحث عن خصومات، عروض خاصة، أو ترويجات موسمية، ستجد أفضل الصفقات على الكفرات هنا. تابعنا باستمرار وزر موقعنا بانتظام للاستفادة من أحدث العروض وتوفير الكثير في عملية الشراء القادمة. TyresOnline.sa - مصدرك الموثوق لجميع احتياجات الكفرات!"
"BUY TYRES ONLINE","اشترِ الكفرات أونلاين"
"SHOP NOW","تسوق الآن"
"Details","التفاصيل"
"Search by Vehicle","ابحث حسب المركبة"
"Specifications","المواصفات"
"Speed Rating","مؤشر السرعة"
"Load Index","مؤشر الحمولة"
"Fuel Efficiency","كفاءة الوقود"
"Low Stock","مخزون منخفض"
"Clear All","مسح الكل"
"Now Shopping by","التصفية حسب"
"Remove This Item","إزالة هذا الخيار"
"Brand","الماركة"
"Pattern","نوع النقشة"
"Warranty Period","فترة الضمان"
"Run Flat","إطارات ران فلات"
"Min","الحد الأدنى"
"Max","الحد الأقصى"
"Go","تطبيق"
"piece","قطعة"
"/piece","/قطعة"
"Products","المنتجات"
"Filter by %1","تصفية حسب %1"
"1 Year Warranty","ضمان لمدة سنة واحدة"
"3 Years Warranty","ضمان لمدة 3 سنوات"
"Lifetime Guarantee","ضمان مدى الحياة"
"The easiest way to buy and install tyres online, anywhere in the KSA.","أسهل طريقة لشراء وتركيب الكفرات أونلاين، في أي مكان في المملكة العربية السعودية."
"Search by tyre size or vehicle details, select quantity and add to cart.","ابحث حسب حجم الإطار أو تفاصيل المركبة، اختر الكمية وأضفها إلى السلة."
"Select one of our partner installers, or ship them to your doorstep.","اختر أحد مراكز التركيب الشريكة لنا، أو اطلب شحنها إلى باب منزلك.اختر أحد مراكز التركيب الشريكة لنا، أو اطلب شحنها إلى باب منزلك."
"ABOUT TYRESONLINE","من هي تايرز اونلاين؟"
"We are here! We’re always online, search and find the tyres you need from the comfort of wherever your are in the KSA.","نحن هنا بجانبك أينما كنت! نحن دائما اونلاين!  ابحث معنا لتجد أفضل إطار يناسب سيارتك أينما كنت في المملكة العربية السعودية!"
"TYRESONLINE ","مقالات"
"BLOG "," تايرز اونلاين"
"How to Find my Tyre size ?","كيف أعرف مقاس كفرات سيارتي؟"
"People Have Also Asked","أسئلة شائعة"
"Why Choose","لماذا تختارنا"
"Technical specs:","المواصفات الفنية:"
"Dig Into the Details :","تفاصيل إضافية:"
"Free Fitment","تركيب مجاني"
"With each purchase you make","مع كل عملية شراء"
"Qualified Call Center","مركز اتصال مؤهل"
"Available at all times","متاح على مدار الساعة"
"Competitive Prices","أسعار تنافسية"
"Same tyre, Lower Price","نفس الكفر، سعر أقل"
"Secure Payments","مدفوعات آمنة"
"Safe, Seamless, and Protected Transactions","معاملات آمنة وسلسة ومحمية"
"Wide Product Range","مجموعة واسعة من المنتجات"
"Large Choices to Meet Your Needs","خيارات كبيرة لتلبية احتياجاتك"
"Authentic & Trusted Products","منتجات أصلية وموثوقة"
"60+ Authorized Tyre Brands","أكثر من 60 علامة كفرات معتمدة"
"Why should I use winter tyres instead of all-season tyres?","لماذا يجب أن أستخدم كفرات الشتاء بدلاً من كفرات جميع المواسم؟"
"Winter tyres are designed for cold weather and provide better grip, handling, and safety compared to all-season tyres when temperatures drop below 7°C.","صُممت كفرات الشتاء للطقس البارد وتوفر قبضاً أفضل وتحكماً أكبر وسلامة أعلى مقارنة بكفرات جميع المواسم عندما تنخفض درجة الحرارة إلى أقل من 7°م."
"How do winter tyres improve safety in cold weather?","كيف تحسّن كفرات الشتاء السلامة في الطقس البارد؟"
"Winter tyres use special rubber compounds and tread patterns to maintain flexibility and traction on snow, ice, and cold roads, reducing braking distances and risk of skidding.","تستخدم كفرات الشتاء مركبات مطاطية خاصة ونقوشاً مصممة للحفاظ على المرونة والتماسك على الثلج والجليد والطرق الباردة، مما يقلل مسافة الفرملة وخطر الانزلاق."
"When should I switch to winter tyres?","متى يجب أن أستبدل كفراتي بكفرات الشتاء؟"
"You should switch to winter tyres when the average daily temperature consistently falls below 7°C, usually in late autumn or early winter.","يجب استبدال الكفرات بكفرات الشتاء عندما تنخفض درجة الحرارة اليومية باستمرار إلى أقل من 7°م، وعادةً في أواخر الخريف أو أوائل الشتاء."
"Can I use winter tyres year-round?","هل يمكنني استخدام كفرات الشتاء على مدار العام؟"
"It is not recommended to use winter tyres year-round as they wear out faster in warm weather and may not perform as well as summer or all-season tyres.","لا يُنصح باستخدام كفرات الشتاء على مدار العام لأنها تتآكل أسرع في الطقس الدافئ وقد لا تؤدي بنفس كفاءة كفرات الصيف أو جميع المواسم."
"Browse Other","تصفح المزيد من"
"See all","عرض الكل"
"My Cart","عربة التسوق"
"Compare Now","قارن الآن"
"KSA Score","تقييم السعودية"
"UAE Score","تقييم السعودية"
"Features","المميزات"
"Dry Handling","التحكم على الطرق الجافة"
"Wet Handling","التحكم على الطرق المبللة"
"Snow","الثلج"
"Comfort","الراحة"
"Technical Specs","المواصفات الفنية"
"Vehicle Type","نوع المركبة"
"Clear all","مسح الكل"
"Compare","قارن"
"Selected","محدد"
"items Selected","عناصر محددة"
"The information below is required for social login","المعلومات التالية مطلوبة لتسجيل الدخول عبر الشبكات الاجتماعية"
"Please verify your account by clicking the link sent to your email.","يُرجى تأكيد حسابك بالضغط على الرابط المرسل إلى بريدك الإلكتروني."
"Add Tyre","أضف إطاراً"
"Tyres Jeddah","إطارات جدة"
"Tyres Dammah","إطارات الدمام"
"Tyres Dammam","إطارات الدمام"
"CENTERS","مراكز"
"NEAR ME","بالقرب مني"
"ANYWHERE IN THE KSA","في كافة أنحاء السعودية"
"TyresOnline.sa Home","الصفحة الرئيسية TyresOnline.sa"
"Your Account has been created","تم إنشاء حسابك"
"OEM","أصلي من المصنع"